<?xml version="1.0" encoding="UTF-8"?>
<beans:beans xmlns="http://www.springframework.org/schema/security"
	xmlns:beans="http://www.springframework.org/schema/beans" xmlns:xsi="http://www.w3.org/2001/XMLSchema-instance"
	xsi:schemaLocation="http://www.springframework.org/schema/beans  
    http://www.springframework.org/schema/beans/spring-beans.xsd  
    http://www.springframework.org/schema/security  
    http://www.springframework.org/schema/security/spring-security.xsd">
	<http auto-config="true">
		<intercept-url pattern="/" access="permitAll" />
		<intercept-url pattern="/user" access="permitAll" />
		<intercept-url pattern="/admin" access="hasRole('ROLE_ADMIN')" />
		<!-- <intercept-url pattern="/user" access="hasRole('ADMIN') and hasRole('USER')"/> 
			<form-login authentication-failure-url="/Access_Denied" /> -->
	</http>
	<authentication-manager>
		<authentication-provider>
			<user-service>

				<user name="admin" password="admin123" authorities="ROLE_ADMIN" />

			</user-service>
		</authentication-provider>
	</authentication-manager>

</beans:beans>